UID,CID,LastName,FirstName,Address,Email,Phone,BirthDate,Gender
9cca2eb56f7644e1b0925ed0b70d30af,012345678,Nguyen,An,123 Le Loi,an.nguyen@example.com,0912345678,15/04/1990,Male
1d32701ba7014df1be3a08c3114fb6aa,123456789,Tran,Binh,45 Tran Hung Dao,binh.tran@example.com,0987654321,22/08/1985,Male
25f73d73bbbd4d5699bf2a2d6ef99ae7,234567890,Le,Cuong,78 Nguyen Trai,cuong.le@example.com,0909123456,10/12/1992,Male
ee1cb3870ccc4d92aa91659918a5f722,345678901,Pham,Duong,56 Vo Thi Sau,duong.pham@example.com,0934567890,05/06/1988,Male
cf9c2e9133604088a581df6de16c45f9,456789012,Hoang,Giang,99 Hai Ba Trung,giang.hoang@example.com,0978123456,30/09/1995,Female
641c787ccb6749b7b485c294990c104b,567890123,Do,Hoa,12 Ly Thuong Kiet,hoa.do@example.com,0961234567,01/01/1991,Female
73039abea08b4aff9513a50fd44eb144,678901234,Vo,Khue,34 Phan Dinh Phung,khue.vo@example.com,0956781234,18/03/1987,Female
a0f9648f56cb483ebc8f77e008f659bc,789012345,Nguyen,Lam,21 Nguyen Hue,lam.nguyen@example.com,0945678123,27/07/1993,Male
96bea8d258604095a81a8f7ec9606f25,890123456,Phan,Minh,88 Cach Mang Thang 8,minh.phan@example.com,0931234567,12/12/1989,Male
dc6cb247efcc44f6912107953871e75e,901234567,Tran,Nam,67 Dien Bien Phu,nam.tran@example.com,0923456781,09/05/1994,Male
b297e5a7e99c4706b9a94ca7c3248fa8,112233445,Nguyen,Phuc,1A Nguyen Van Cu,phuc.nguyen@example.com,0911223344,11/11/1991,Male
c2135de503584e03a5f57e86dacf2c27,223344556,Le,Quang,2B Le Lai,quang.le@example.com,0922334455,22/02/1992,Male
ab83748ecdc24a86a5e330eeae09374e,334455667,Pham,Son,3C Tran Phu,son.pham@example.com,0933445566,03/03/1993,Male
3ae72eaa24ae41859d7c53c6b6ed69e1,445566778,Hoang,Tuan,4D Nguyen Dinh Chieu,tuan.hoang@example.com,0944556677,04/04/1994,Male
4ed6f80e09be4150a15da9ae7bf0522e,556677889,Do,Vu,5E Vo Van Tan,vu.do@example.com,0955667788,05/05/1995,Male
a9d251716f0c48df9e26d2842abae734,667788990,Vo,Thu,6F Cach Mang Thang 8,thu.vo@example.com,0966778899,10/03/2000,Female
7b1fb57417094b44afe326e9bca43f2f,778899001,Nguyen,Trang,7G Nguyen Hue,tran.nguyen@example.com,0977889900,21/01/2001,Female
b4a2668ad9e74eb4b112dd45daad9037,889900112,Tran,Quy,8H Le Loi,quy.tran@example.com,0988990011,01/04/1990,Male
f951dcc69c2a4e088ad093845fd2e2a5,990011223,Le,Dao,9I Tran Hung Dao,dao.le@example.com,0999001122,05/05/2004,Female
78b1de3c216e42dd8f64e268e93a7b24,100112233,Pham,Phat,10J Nguyen Trai,phat.pham@example.com,0900112233,10/10/2000,Male
0c2e1b3aebce46dd9548a8779088b64b,101223344,Hoang,Kim,11K Vo Thi Sau,kim.hoang@example.com,0910122334,11/11/2001,Female
05fbc0d8cc5c413d956c2682be65201e,112334455,Do,Long,12L Hai Ba Trung,long.do@example.com,0921233445,12/12/2002,Male
308517132aac4d76a727f5844e9903a8,123445566,Vo,Phu,13M Ly Thuong Kiet,phu.vo@example.com,0932344556,13/01/2003,Male
59d8057623844099b9b9bba1c4e01cc3,134556677,Nguyen,Thao,14N Phan Dinh Phung,thao.nguyen@example.com,0943455667,14/02/2004,Female
a7d7d56649a2410e9620035dd79a6001,145667788,Le,Duong,15O Nguyen Hue,duong.le@example.com,0954566778,15/03/2005,Male
7a5ebabb0ea246568edac647e17de2c2,156778899,Pham,Thuong,16P Tran Phu,thuong.pham@example.com,0965677889,16/04/2006,Male
fe8abf01b25a47a1896e050680915cda,167889900,Hoang,Phat,17Q Nguyen Dinh Chieu,phat.hoang@example.com,0976788990,17/05/2007,Male
6be1c179e9fe42449cb7bf944e4e51f6,178990011,Do,Quyen,18R Vo Van Tan,quyen.do@example.com,0987899001,18/06/2008,Female
0a42940d8fd3446d823e8c0f988863e8,189100122,Vo,Minh,19S Cach Mang Thang 8,minh.vo@example.com,0998910012,19/07/2009,Male
197f37c3d6394a06980912306cb906e4,190112233,Nguyen,Phuc,20T Nguyen Van Cu,phuc.nguyen@example.com,0909911223,20/08/2010,Male
fb538167a76c420eba788b77e8c34051,201223344,Le,Quang,21U Le Lai,quang.le@example.com,0911022334,21/09/2011,Male
2d9d6f74184040a09d50a1614afaba32,212334455,Pham,Son,22V Tran Phu,son.pham@example.com,0922133445,22/10/2012,Male
30b07b4e818b4d01b0168e48e3e35e84,223445566,Hoang,Tuan,23W Nguyen Dinh Chieu,tuan.hoang@example.com,0933244556,23/11/2013,Male
36956139be764e78a9886d4db2b32d2c,234556677,Do,Vu,24X Vo Van Tan,vu.do@example.com,0944355667,24/12/2014,Male
859e6882ed244964b60b4a193814f9a2,245667788,Vo,Thu,25Y Cach Mang Thang 8,thu.vo@example.com,0955466778,25/01/2015,Female
29f2e10ea6064c3ebff976cc61b6dde5,256778899,Nguyen,Trang,26Z Nguyen Hue,tran.nguyen@example.com,0966577889,26/02/2016,Female
d97e17099c25438381d91e661f627c44,267889900,Tran,Quy,27A Le Loi,quy.tran@example.com,0977688990,27/03/2017,Male
a033262725364722b89768bb46868a9b,278990011,Le,Dao,28B Tran Hung Dao,dao.le@example.com,0988799001,28/04/2018,Female
72b1ede1894b4dd8b51441f1be93f534,289100122,Pham,Phat,29C Nguyen Trai,phat.pham@example.com,0999810012,29/05/2019,Male
5c28142681ac4cd5b30ab7c6120aa7e7,290112233,Hoang,Kim,30D Vo Thi Sau,kim.hoang@example.com,0901122334,30/06/2020,Female
66d0e42a529f40e4b774c1daa4b22513,301223344,Do,Long,31E Hai Ba Trung,long.do@example.com,0912233445,01/07/2021,Male
9e6b8942a1a1452182b9ab56cbf631ee,312334455,Vo,Phu,32F Ly Thuong Kiet,phu.vo@example.com,0923344556,02/08/2022,Male
9415e3e408fe40a486e50cef8e88c16f,323445566,Nguyen,Thao,33G Phan Dinh Phung,thao.nguyen@example.com,0934455667,03/09/2023,Female
